Column1,Column2,Column3,Column4,Column5,Column6,Column7,Column8,Column9,Column10,Column11,Column12
,,,Zaire GP∆TM,,,Zaire GP∆muc,,,Zaire sGP,,
Clone name,VH Germline,VH CDR3,IgG K_{D} (M)*,kon (1/Ms),koff (1/s)^{†},IgG K_{D} (M)*,kon (1/Ms),koff (1/s)^{†},IgG K_{D} (M)*,kon (1/Ms),koff (1/s)^{†}
ADI-15731,VH3-49,TRDREQTWFGELASSPLDY,5.03E-09,3.98E+04,2.00E-04,7.35E-09,3.71E+04,2.73E-04,4.50E-10,4.44E+05,2.00E-04
ADI-15732,VH3-30,AKGGVLIAIINYFDY,3.24E-09,1.75E+05,5.68E-04,2.00E-09,2.06E+05,4.12E-04,N.B.,,
ADI-15733,VH3-21,ARALSMGELFVAGTIDY,W.B.,,,N.B.,,,1.08E-09,1.85E+05,2.00E-04
ADI-15734,VH4-34,ARGKSSTVVSRTTHFDY,1.95E-09,1.03E+05,2.00E-04,5.82E-09,8.98E+04,5.23E-04,N.B.,,
ADI-15735,VH3-15,AAGPIKEYHDFLTGYYEVDY,W.B.,,,4.41E-08,1.56E+04,6.86E-04,6.02E-10,3.33E+05,2.00E-04
ADI-15736,VH3-30,VTGGDLVVLPASMDYYGMDV,W.B.,,,7.03E-08,2.29E+04,1.61E-03,7.90E-10,2.53E+05,2.00E-04
ADI-15737,VH3-21,AREGITLGGVLVINALDI,1.48E-08,1.35E+04,2.00E-04,3.56E-08,2.61E+04,9.28E-04,6.44E-10,3.60E+05,2.31E-04
ADI-15738,VH3-30,AREGAVRLDYNILTGYYLSSFDI,W.B.,,,N.B.,,,1.03E-09,1.94E+05,2.00E-04
ADI-15739,VH1-2,ARAEVLGLVEQLMEFNWFDP,W.B.,,,N.B.,,,3.10E-09,9.25E+04,2.87E-04
ADI-15740,VH3-48,ARHNSGLSGGGILYDYVWGSPLDY,W.B.,,,3.35E-08,5.20E+04,1.74E-03,1.47E-09,2.41E+05,3.55E-04
ADI-15741,VH4-4,ARDPGRGRDYYEMDV,1.53E-09,1.31E+05,2.00E-04,1.65E-09,1.25E+05,2.06E-04,N.B.,,
ADI-15742,VH3-23,AKDHRVWAPGYYFDH,W.B.,,,4.82E-09,4.16E+04,2.01E-04,N.B.,,
ADI-15743,VH4-34,ARALPRGGNYRTFDY,1.04E-09,1.93E+05,2.00E-04,1.19E-09,2.22E+05,2.64E-04,N.B.,,
ADI-15744,VH1-3,ARAPDDSIGMLTAYGPLDH,1.49E-08,1.96E+04,2.92E-04,3.33E-08,1.53E+04,5.11E-04,5.19E-10,4.10E+05,2.13E-04
ADI-15745,VH3-64D,VKLTIGAARVTGYYFDY,9.73E-08,1.46E+04,1.42E-03,4.45E-08,1.59E+04,7.07E-04,N.B.,,
ADI-15746,VH3-23,ARGGEMATSSWGYGYYYYYMDV,W.B.,,,N.B.,,,1.66E-09,1.44E+05,2.39E-04
ADI-15747,VH3-66,ASASPADSSGWGLAYYFYMDV,W.B.,,,N.B.,,,1.50E-09,1.33E+05,2.00E-04
ADI-15748,VH5-51,ARQAREEYYDFWRGYYSSPFDI,9.36E-09,3.26E+04,3.05E-04,3.58E-09,5.59E+04,2.00E-04,N.B.,,
ADI-15749,VH4-34,ARGRVHSTSVIYHFYGMDV,1.44E-08,2.78E+04,4.00E-04,1.44E-08,4.94E+04,7.09E-04,7.52E-10,2.66E+05,2.00E-04
ADI-15750,VH3-49,TRDGFRGSSWGYSYYGMDV,W.B.,,,4.18E-09,5.62E+04,2.35E-04,9.32E-10,2.15E+05,2.00E-04
ADI-15751,VH3-23,AKGYDFWSAYPDY,W.B.,,,1.98E-09,1.01E+05,2.00E-04,3.24E-10,6.17E+05,2.00E-04
ADI-15752,VH4-34,ARGVAFLSDSSGYPVLFLVGPGFDY,5.64E-09,3.55E+04,2.00E-04,1.42E-08,4.02E+04,5.71E-04,5.63E-10,3.56E+05,2.00E-04
ADI-15753,VH5-51,ARGLVAAPGSMSDWFDP,5.24E-09,3.82E+04,2.00E-04,3.10E-09,6.46E+04,2.00E-04,N.B.,,
ADI-15754,VH3-64,ARGGAVAGPLYADWYFDL,7.19E-09,2.78E+04,2.00E-04,4.70E-09,4.62E+04,2.17E-04,5.57E-10,3.59E+05,2.00E-04
ADI-15755,VH3-30,ARGPQEFSWLAAVGTVDS,7.58E-09,2.64E+04,2.00E-04,3.27E-09,6.11E+04,2.00E-04,7.86E-10,4.64E+05,3.65E-04
ADI-15756,VH1-18,ARDGFSDIGMVEFYYYGMDV,7.60E-09,2.63E+04,2.00E-04,4.82E-09,4.15E+04,2.00E-04,7.50E-10,2.67E+05,2.00E-04
ADI-15757,VH1-2,ARVSRGDPYNYDSSGYYGAFDY,2.02E-09,9.90E+04,2.00E-04,2.90E-09,6.91E+04,2.00E-04,N.B.,,
ADI-15758,VH1-46,ARDRYPTVVNYFGMDV,7.77E-10,2.58E+05,2.00E-04,8.72E-10,2.29E+05,2.00E-04,N.B.,,
ADI-15759,VH1-46,ARDLMGWQHNLGGFDY,6.32E-09,3.17E+04,2.00E-04,5.59E-09,5.64E+04,3.15E-04,N.B.,,
ADI-15760,VH1-18,ARVAPPLMILADLGLDP,5.30E-09,3.77E+04,2.00E-04,1.14E-08,4.74E+04,5.39E-04,9.83E-10,5.74E+05,5.64E-04
ADI-15761,VH1-18,ARDVEIAVVAVATLSRNFGMDV,5.36E-09,3.73E+04,2.00E-04,4.86E-09,4.11E+04,2.00E-04,8.40E-10,3.43E+05,2.88E-04
ADI-15762,VH3-48,ARTLGYCSGGSCYSVSHDAFDI,2.58E-08,1.63E+04,4.20E-04,6.41E-09,3.96E+04,2.54E-04,N.B.,,
ADI-15763,VH1-18,ARARQLLRDLLFAPQGMDV,6.18E-09,3.23E+04,2.00E-04,8.71E-09,5.31E+04,4.63E-04,8.75E-10,2.29E+05,2.00E-04
ADI-15764,VH1-3,ARETSKYDILTGPHDYYMDV,4.22E-09,4.74E+04,2.00E-04,3.75E-09,5.33E+04,2.00E-04,3.91E-10,5.11E+05,2.00E-04
ADI-15765,VH3-15,TTDSPYSYTFP,2.97E-09,6.74E+04,2.00E-04,1.23E-09,1.62E+05,2.00E-04,3.29E-10,6.08E+05,2.00E-04
ADI-15766,VH1-69,ARESEGSGWNPFDY,6.34E-09,3.15E+04,2.00E-04,1.43E-08,4.02E+04,5.75E-04,7.33E-10,2.73E+05,2.00E-04
ADI-15767,VH3-23,AKESEWLFLSALDY,W.B.,,,6.54E-09,5.99E+04,3.92E-04,1.31E-09,6.77E+05,8.83E-04
ADI-15768,VH3-23,AKVGMTAVTKGMEIDYSYGMDV,W.B.,,,5.63E-09,3.55E+04,2.00E-04,6.35E-10,3.15E+05,2.00E-04
ADI-15769,VH3-21,ARAGGSGTSDGMDYYYYSGMDV,W.B.,,,N.B.,,,1.09E-09,1.84E+05,2.00E-04
ADI-15771,VH3-7,ARVGALLWFRDLLFIDYGMDV,W.B.,,,6.49E-09,5.18E+04,3.36E-04,1.00E-09,1.99E+05,2.00E-04
ADI-15772,VH1-18,ARDLTPRYGMDV,4.55E-09,4.40E+04,2.00E-04,2.97E-09,6.74E+04,2.00E-04,N.B.,,
ADI-15773,VH5-51,ARGRGQEFTTVLVVVTPYFDV,5.94E-09,3.37E+04,2.00E-04,3.77E-09,5.31E+04,2.00E-04,7.75E-10,2.58E+05,2.00E-04
ADI-15774,VH3-23,AKEHYYNILTGYLRAHNWFDP,W.B.,,,N.B.,,,3.98E-09,1.81E+05,7.18E-04
ADI-15775,VH1-69,ASGRTISGVLITDYFIF,5.10E-09,3.92E+04,2.00E-04,4.91E-09,5.62E+04,2.76E-04,1.59E-09,3.47E+05,5.51E-04
ADI-15777,VH1-46,RRSGWSVTDYFDY,8.80E-09,3.31E+04,2.91E-04,3.48E-09,5.74E+04,2.00E-04,N.B.,,
ADI-15778,VH3-48,ARAAADYNYGMDV,W.B.,,,1.05E-08,3.96E+04,4.16E-04,4.59E-10,4.36E+05,2.00E-04
ADI-15779,VH2-70,ARTMYYYGSGSYTDY,6.69E-09,5.23E+04,3.50E-04,3.15E-09,1.18E+05,3.71E-04,N.B.,,
ADI-15780,VH1-18,ARDLTPRYGMDV,3.96E-09,5.05E+04,2.00E-04,3.14E-09,6.37E+04,2.00E-04,N.B.,,
ADI-15781,VH5-10-1,AKTFYDTDY,4.18E-08,2.88E+04,1.20E-03,2.80E-08,4.82E+04,1.35E-03,N.B.,,
ADI-15782,VH4-4,ARFTDWYYDILTGKKEDFYYIDV,6.75E-10,2.97E+05,2.00E-04,1.31E-09,3.19E+05,4.19E-04,N.B.,,
ADI-15783,VH4-34,ARGRRNIWLVPNYSVDV,2.04E-09,9.80E+04,2.00E-04,2.20E-09,9.10E+04,2.00E-04,N.B.,,
ADI-15784,VH1-18,ARDLTPRDGMDV,5.42E-09,3.69E+04,2.00E-04,2.51E-09,7.96E+04,2.00E-04,N.B.,,
ADI-15785,VH3-30,AKGTVIIAMLNYFDY,2.28E-09,9.16E+04,2.08E-04,1.64E-09,1.22E+05,2.00E-04,N.B.,,
ADI-15786,VH4-30-2,ARGDWLGDYFDY,6.22E-09,4.59E+04,2.86E-04,6.58E-09,4.99E+04,3.28E-04,N.B.,,
ADI-15787,VH3-48,ARTDPPRGGMVLYAEEWFDP,5.22E-09,3.83E+04,2.00E-04,3.75E-09,5.34E+04,2.00E-04,3.72E-10,5.38E+05,2.00E-04
ADI-15788,VH1-2,ASGITILGILMHDAFDI,4.72E-09,4.24E+04,2.00E-04,4.28E-09,4.67E+04,2.00E-04,5.35E-10,3.74E+05,2.00E-04
ADI-15789,VH3-7,ARLGTEWFRDLLYYDYGLDV,W.B.,,,4.80E-09,4.57E+04,2.19E-04,7.57E-10,2.64E+05,2.00E-04
ADI-15791,VH3-21,ARGDDFLVVAGTIDYSHYVMDV,W.B.,,,3.79E-09,5.28E+04,2.00E-04,5.39E-10,3.71E+05,2.00E-04
ADI-15792,VH4-61,ARDREVVPGLSGLLYSFHGMDV,7.27E-09,2.75E+04,2.00E-04,1.19E-08,4.30E+04,5.12E-04,6.20E-10,3.23E+05,2.00E-04
ADI-15793,VH4-34,ARGSHAYYDILTGPKPFDY,5.86E-09,3.42E+04,2.00E-04,1.55E-08,4.29E+04,6.65E-04,6.07E-10,3.29E+05,2.00E-04
ADI-15794,VH1-69,ARDNSGYDLNPLHY,W.B.,,,N.B.,,,1.31E-09,1.53E+05,2.00E-04
ADI-15795,VH3-15,ITENYDFWSAYYRHYYYGMDV,W.B.,,,2.99E-09,6.68E+04,2.00E-04,6.11E-10,3.34E+05,2.04E-04
ADI-15796,VH3-74,SRGFEDTTLVAFAVSGYHF,W.B.,,,3.98E-09,5.02E+04,2.00E-04,5.10E-10,3.92E+05,2.00E-04
ADI-15797,VH1-18,ARGAVLIWFGEPGGHGLDL,7.29E-09,3.71E+04,2.70E-04,2.98E-09,6.71E+04,2.00E-04,6.04E-10,3.31E+05,2.00E-04
ADI-15798,VH3-48,ARGRNDYVWGSFRRDYYYYMDV,W.B.,,,7.47E-09,9.69E+04,7.24E-04,N.B.,,
ADI-15799,VH3-74,ARELTVNYPGSGSSFMVGTYYHYALDV,W.B.,,,4.26E-09,4.69E+04,2.00E-04,5.69E-10,3.52E+05,2.00E-04
ADI-15800,VH3-21,AGAEYSYGFGVDAFDI,W.B.,,,4.02E-09,5.45E+04,2.19E-04,3.42E-09,5.36E+05,1.83E-03
ADI-15801,VH4-39,ARPGTTVTTSWGTGYYYYMDV,W.B.,,,N.B.,,,1.14E-09,1.76E+05,2.00E-04
ADI-15802,VH5-10-1,ARHGYFDWLFLPHYYYAMDV,3.80E-09,5.27E+04,2.00E-04,2.65E-09,7.54E+04,2.00E-04,5.25E-10,6.83E+05,3.59E-04
ADI-15803,VH3-53,ARDRLLWFTELLYRDNGMDV,W.B.,,,3.33E-09,6.01E+04,2.00E-04,6.72E-10,2.98E+05,2.00E-04
ADI-15804,VH1-46,AIFVLSIGGYQSY,5.61E-09,3.57E+04,2.00E-04,3.20E-09,6.25E+04,2.00E-04,N.B.,,
ADI-15805,VH1-3,ARHFPLYFGSGNYSYYMDV,1.52E-08,5.38E+05,8.19E-03,1.55E-08,3.93E+05,6.10E-03,N.B.,,
ADI-15806,VH4-39,ARGVRREFSNILTSYSHFAY,5.92E-09,3.38E+04,2.00E-04,4.40E-09,4.54E+04,2.00E-04,6.76E-10,2.96E+05,2.00E-04
ADI-15807,VH1-46,ARGWWDPEDIVLLPAAPWFDP,6.13E-09,3.26E+04,2.00E-04,1.56E-08,4.75E+04,7.39E-04,1.07E-09,1.86E+05,2.00E-04
ADI-15808,VH3-33,ARDGTYYYGSGSEHWDYYGLAV,6.48E-09,3.76E+04,2.43E-04,3.29E-09,6.09E+04,2.00E-04,N.B.,,
ADI-15809,VH2-5,AHIGGKDYYHSFGSYYQTHAFDI,5.52E-09,3.63E+04,2.00E-04,3.66E-09,5.47E+04,2.00E-04,4.77E-10,4.20E+05,2.00E-04
ADI-15810,VH1-46,TRRGIDRSGYYCDY,7.58E-09,2.64E+04,2.00E-04,3.79E-09,5.28E+04,2.00E-04,N.B.,,
ADI-15811,VH3-30,AKGRAPVAGTSYFDY,8.05E-08,2.97E+05,2.39E-02,1.97E-08,3.40E+05,6.67E-03,N.B.,,
ADI-15812,VH4-4,ASEYYGSGTYGV,1.39E-08,2.97E+04,4.14E-04,3.74E-09,5.35E+04,2.00E-04,N.B.,,
ADI-15813,VH3-30,ARWGGNIYGSLGLDV,W.B.,,,2.56E-08,4.65E+04,1.19E-03,N.B.,,
ADI-15814,VH3-15,TTDSPRVGI,W.B.,,,1.60E-08,4.60E+04,7.36E-04,1.00E-08,2.27E+05,2.27E-03
ADI-15815,VH4-4,ARQVVLLGFGDLLYRNTCFDP,W.B.,,,N.B.,,,1.15E-09,1.74E+05,2.00E-04
ADI-15816,VH3-7,ARGDGVFDY,6.04E-09,2.70E+05,1.63E-03,3.27E-09,4.96E+05,1.62E-03,N.B.,,
ADI-15817,VH1-18,ARDSTLLAYSGYDNTIFLHNGMAV,6.53E-09,3.07E+04,2.00E-04,5.08E-09,3.94E+04,2.00E-04,6.18E-10,3.24E+05,2.00E-04
ADI-15818,VH3-48,ARTLGYCSGGSCYSVSHDAFDI,W.B.,,,2.32E-09,8.62E+04,2.00E-04,N.B.,,
ADI-15819,VH3-30,AKGGVLIAIINYFDY,1.23E-08,1.33E+05,1.64E-03,4.80E-09,1.73E+05,8.29E-04,N.B.,,
ADI-15820,VH4-59,ARHTPIRYSSGWYLDY,7.72E-10,2.59E+05,2.00E-04,2.40E-09,2.50E+05,6.01E-04,N.B.,,
ADI-15821,VH3-21,AREAWDLDIVATILLDY,W.B.,,,1.16E-08,4.24E+04,4.90E-04,5.52E-10,3.62E+05,2.00E-04
ADI-15822,VH1-2,ARSRFNWNYFPTPIDY,9.86E-09,3.27E+04,3.23E-04,1.97E-08,4.29E+04,8.44E-04,N.B.,,
ADI-15823,VH3-23,AKNIGVLAVIYSAEDDAFDM,W.B.,,,3.81E-09,5.25E+04,2.00E-04,3.80E-10,5.27E+05,2.00E-04
ADI-15824,VH3-15,TTNGYDSSGYYSSL,W.B.,,,1.86E-09,1.08E+05,2.00E-04,3.45E-10,5.79E+05,2.00E-04
ADI-15825,VH3-21,AREGITIFGVLIHPVMDV,W.B.,,,4.92E-09,5.67E+04,2.79E-04,5.03E-10,4.03E+05,2.03E-04
ADI-15826,VH1-18,ARDGQTFYDILTTQWYGMDV,2.70E-08,1.58E+04,4.27E-04,2.14E-08,3.26E+04,6.96E-04,7.15E-10,2.80E+05,2.00E-04
ADI-15827,VH3-23,AKPKEGSEWLILRFDAFDV,W.B.,,,1.40E-08,4.33E+04,6.05E-04,5.61E-10,3.57E+05,2.00E-04
ADI-15828,VH3-23,AKDLRSWDIVVVPAVHGAFDI,W.B.,,,N.B.,,,8.00E-10,2.50E+05,2.00E-04
ADI-15829,VH4-31,ARGLSLGHCTGGLCFTQVGGDYNYYGMDV,7.16E-09,3.75E+04,2.69E-04,6.95E-09,6.14E+04,4.27E-04,5.68E-10,3.52E+05,2.00E-04
ADI-15830,VH3-15,STDQLLTHSDFMTGYYRGFDY,9.15E-09,3.30E+04,3.02E-04,3.40E-09,5.88E+04,2.00E-04,3.17E-10,6.31E+05,2.00E-04
ADI-15831,VH3-21,ARDLRYFDWLYHDAFDI,W.B.,,,4.00E-09,5.01E+04,2.00E-04,5.06E-10,4.20E+05,2.12E-04
ADI-15832,VH3-33,AREPGFCSGGTCFQADYFDY,W.B.,,,2.39E-08,3.44E+04,8.20E-04,8.15E-10,2.45E+05,2.00E-04
ADI-15833,VH3-48,ARGPISRGLLFIDYGMDV,W.B.,,,1.15E-08,6.02E+04,6.91E-04,2.52E-09,7.18E+05,1.81E-03
ADI-15834,VH1-18,ARDRLLFYHILTASYPFDY,4.99E-09,4.01E+04,2.00E-04,3.38E-09,5.91E+04,2.00E-04,4.95E-10,4.04E+05,2.00E-04
ADI-15835,VH1-3,ARDAGPDQLLWLSDYHYMDV,W.B.,,,N.B.,,,9.44E-10,2.12E+05,2.00E-04
ADI-15836,VH3-23,AKGANFWGAWSDYYPV,W.B.,,,3.24E-09,1.03E+05,3.33E-04,6.13E-10,6.86E+05,4.20E-04
ADI-15837,VH3-23,AKDALTVTTVLWGSDQYYFDY,W.B.,,,2.94E-09,6.79E+04,2.00E-04,3.23E-10,6.20E+05,2.00E-04
ADI-15839,VH4-34,ARALPRGGNYRTFEY,1.25E-09,1.60E+05,2.00E-04,9.87E-10,2.03E+05,2.00E-04,N.B.,,
ADI-15841,VH3-30,AKGAVVIAMLNYFDY,9.64E-10,2.07E+05,2.00E-04,7.68E-10,2.61E+05,2.00E-04,N.B.,,
ADI-15842,VH1-46,ARDRAQAGTNNWFDP,1.54E-09,1.46E+05,2.25E-04,1.81E-09,1.16E+05,2.11E-04,N.B.,,
ADI-15843,VH4-34,ARAWLRSRGYPSFDY,2.28E-09,8.79E+04,2.00E-04,2.01E-09,9.95E+04,2.00E-04,N.B.,,
ADI-15844,VH4-34,ARGSGTYYYDSGGYYRDAYDI,9.85E-09,5.07E+05,4.99E-03,1.31E-08,3.48E+05,4.57E-03,N.B.,,
ADI-15845,VH1-2,ARVNYYDSSGYYGWFDP,1.47E-09,1.36E+05,2.00E-04,2.02E-09,9.88E+04,2.00E-04,N.B.,,
ADI-15846,VH4-4,ARDLRAPTFSWTSRLTPKEKNSDN,W.B.,,,N.B.,,,1.78E-09,1.12E+05,2.00E-04
ADI-15847,VH3-23,AKSGTVNYYFYYMDV,W.B.,,,1.40E-09,1.43E+05,2.00E-04,N.B.,,
ADI-15848,VH1-46,ARDRYPVLVATDYGMDV,5.96E-10,3.36E+05,2.00E-04,5.19E-10,3.86E+05,2.00E-04,N.B.,,
ADI-15849,VH3-21,ASEEITIFGVLFHPVMDV,W.B.,,,1.68E-09,2.26E+05,3.79E-04,N.B.,,
ADI-15850,VH3-23,AKGSVVVVASTLYYFDY,W.B.,,,2.50E-09,8.01E+04,2.00E-04,N.B.,,
ADI-15851,VH4-31,VASFRTVVTPHI,3.32E-09,6.02E+04,2.00E-04,7.82E-09,5.90E+04,4.61E-04,N.B.,,
ADI-15852,VH3-7,ARKGQWGGWSWFDP,1.42E-08,3.01E+04,4.28E-04,2.41E-09,8.31E+04,2.00E-04,N.B.,,
ADI-15853,VH4-4,TRDAVAASWGFSYGVDV,1.39E-08,1.69E+04,2.34E-04,1.96E-08,4.43E+04,8.66E-04,5.43E-10,3.68E+05,2.00E-04
ADI-15854,VH3-21,ARDLGHGVSYGYGTYYDY,W.B.,,,4.22E-09,1.53E+05,6.45E-04,N.B.,,
ADI-15855,VH3-23,MAWGGNYPKDAFDI,W.B.,,,1.95E-09,1.12E+05,2.19E-04,N.B.,,
ADI-15856,VH4-39,ARADMLQGIIITRVAFDY,4.72E-09,4.23E+04,2.00E-04,8.78E-09,5.20E+04,4.57E-04,3.15E-10,6.36E+05,2.00E-04
ADI-15858,VH3-48,AREGPTPMDYYYYYMDV,W.B.,,,4.06E-09,4.93E+04,2.00E-04,N.B.,,
ADI-15859,VH5-51,ARRDFWSGTEY,1.38E-08,2.36E+04,3.27E-04,3.42E-09,5.84E+04,2.00E-04,N.B.,,
ADI-15860,VH4-59,ARDPRYYDYFRGSYGHYGLDV,2.26E-09,1.37E+05,3.09E-04,1.43E-08,1.60E+05,2.30E-03,N.B.,,
ADI-15861,VH4-34,ARAWLRSSSYPSFDY,3.04E-09,6.59E+04,2.00E-04,2.25E-09,8.89E+04,2.00E-04,N.B.,,
ADI-15862,VH4-34,ARGGLSIPMLRGVQPFDF,1.14E-08,1.99E+04,2.27E-04,4.12E-09,4.85E+04,2.00E-04,5.54E-10,3.61E+05,2.00E-04
ADI-15863,VH3-21,AREGITILGVLIHPVMDV,7.35E-09,2.72E+04,2.00E-04,3.22E-09,6.21E+04,2.00E-04,3.84E-10,5.21E+05,2.00E-04
ADI-15864,VH1-18,ARDRGTFTYVSGLVVAAYLDAFDI,W.B.,,,2.74E-08,4.07E+04,1.12E-03,7.83E-10,2.56E+05,2.00E-04
ADI-15865,VH4-39,ARHRALLVVAYFDY,1.53E-09,1.30E+05,2.00E-04,1.48E-09,1.35E+05,2.00E-04,N.B.,,
ADI-15866,VH5-51,VRHPSLFLHSENDFIAAGRTGWFDP,W.B.,,,N.B.,,,7.83E-10,2.56E+05,2.00E-04
ADI-15867,VH4-30-4,ARDRYNTDYGNVLYYFYGMDV,7.13E-09,2.81E+04,2.00E-04,3.97E-09,5.04E+04,2.00E-04,6.48E-10,3.09E+05,2.00E-04
ADI-15868,VH3-33,ARADSTDDYYYYYMDV,W.B.,,,3.92E-09,5.10E+04,2.00E-04,N.B.,,
ADI-15869,VH2-5,ARKRVDQGGEFDIFTGYYDSWFDP,7.18E-09,2.79E+04,2.00E-04,4.37E-09,5.98E+04,2.61E-04,5.50E-10,3.64E+05,2.00E-04
ADI-15870,VH1-18,ARDTAFMFASFGVGYHYNGMDV,7.29E-09,3.14E+04,2.29E-04,3.32E-09,6.03E+04,2.00E-04,3.30E-10,6.06E+05,2.00E-04
ADI-15871,VH1-2,ARSQYKWNYFPTPIDY,4.46E-09,4.49E+04,2.00E-04,3.78E-09,5.29E+04,2.00E-04,N.B.,,
ADI-15872,VH4-39,ARADMLQGIIITRVAFDY,5.49E-09,3.64E+04,2.00E-04,4.07E-09,4.91E+04,2.00E-04,3.18E-10,6.29E+05,2.00E-04
ADI-15873,VH4-39,ARQYSSGWSWGWFDP,4.64E-09,6.56E+04,3.05E-04,8.52E-09,6.33E+04,5.39E-04,N.B.,,
ADI-15874,VH4-39,ARADMLQGIIITRVAFDY,4.93E-09,4.06E+04,2.00E-04,6.84E-09,4.79E+04,3.28E-04,3.18E-10,6.29E+05,2.00E-04
ADI-15875,VH5-10-1,ARHEGGAFSGLILTGYYQPLDY,7.25E-09,2.76E+04,2.00E-04,4.56E-09,4.48E+04,2.04E-04,7.63E-10,3.14E+05,2.40E-04
ADI-15876,VH3-7,ARDASDFWSPNFDY,W.B.,,,4.36E-09,4.59E+04,2.00E-04,N.B.,,
ADI-15877,VH4-59,ARAAKGCTSTSCYEWDV,3.29E-09,6.09E+04,2.00E-04,2.28E-09,8.76E+04,2.00E-04,N.B.,,
ADI-15878,VH3-23,AKDHRVWAAGYHFDY,W.B.,,,1.72E-09,1.16E+05,2.00E-04,N.B.,,
ADI-15879,VH3-53,ARVTRGYSYGWADY,W.B.,,,3.36E-09,5.95E+04,2.00E-04,N.B.,,
ADI-15880,VH3-7,AREAFLEWLAPLGHYYMDV,W.B.,,,N.B.,,,2.80E-09,4.28E+05,1.20E-03
ADI-15881,VH4-31,ARGHSGDYSPPFFDY,W.B.,,,N.B.,,,N.B.,,
ADI-15882,VH3-48,VREGPTHYDIFYYYMDV,8.13E-09,2.49E+04,2.03E-04,3.68E-09,5.44E+04,2.00E-04,N.B.,,
ADI-15883,VH3-30,AKAGDYIWGSYRYFAGMLKPFDT,W.B.,,,4.11E-09,7.59E+04,3.12E-04,N.B.,,
ADI-15884,VH4-4,ARLSTSYYDFWSATEFDP,1.39E-08,3.22E+04,4.48E-04,3.07E-09,7.06E+04,2.17E-04,N.B.,,
ADI-15885,VH5-51,VRHPSLFLHSENDFIAAGRTGWFDP,W.B.,,,1.37E-08,4.23E+04,5.79E-04,7.82E-10,2.56E+05,2.00E-04
ADI-15886,VH3-53,ARETVFGSQYYGMDV,W.B.,,,4.10E-09,4.88E+04,2.00E-04,N.B.,,
ADI-15887,VH4-59,ARISPITIFGVVTQGFYYFMDV,6.21E-09,3.22E+04,2.00E-04,3.37E-09,5.93E+04,2.00E-04,N.B.,,
ADI-15888,VH4-30-4,ATSKTISGVVATYYFDD,6.66E-09,3.23E+04,2.15E-04,8.45E-09,2.37E+04,2.00E-04,3.98E-10,5.02E+05,2.00E-04
ADI-15889,VH1-2,AKAWPTDIVILPDALSGFDA,5.45E-09,3.67E+04,2.00E-04,4.54E-09,4.86E+04,2.21E-04,4.39E-10,5.79E+05,2.54E-04
ADI-15890,VH1-18,ARVGGGFGELLYLGVASHDY,6.78E-09,2.95E+04,2.00E-04,2.19E-08,3.73E+04,8.18E-04,5.80E-10,4.40E+05,2.55E-04
ADI-15891,VH4-39,ARRVVVVVAGILLESDYFDY,4.58E-09,4.37E+04,2.00E-04,3.42E-09,5.85E+04,2.00E-04,3.55E-10,5.64E+05,2.00E-04
ADI-15892,VH3-48,ARGGLDIGVVIAATAFDI,W.B.,,,3.88E-09,5.16E+04,2.00E-04,5.76E-10,4.79E+05,2.76E-04
ADI-15893,VH5-10-1,AVATAGNLYYYYHMDV,2.46E-08,1.49E+04,3.68E-04,1.42E-08,5.59E+04,7.93E-04,N.B.,,
ADI-15894,VH4-39,ARSFMITFGGVLVEHDAFDI,2.75E-08,1.26E+04,3.45E-04,7.96E-09,5.14E+04,4.09E-04,6.17E-10,3.24E+05,2.00E-04
ADI-15895,VH3-48,AREGPSPSDSYYYYMDV,W.B.,,,2.87E-09,6.97E+04,2.00E-04,N.B.,,
ADI-15896,VH3-33,AKEGFLEWLSPSDYYFGMDV,W.B.,,,7.53E-09,4.95E+04,3.72E-04,5.59E-10,3.58E+05,2.00E-04
ADI-15897,VH3-48,ARDRMPKYDILTGPESAGMDV,1.55E-08,2.07E+04,3.20E-04,3.52E-09,5.68E+04,2.00E-04,2.82E-10,7.09E+05,2.00E-04
ADI-15898,VH3-15,TTDHLAVYDDFLTGYYDIDY,W.B.,,,3.74E-09,5.35E+04,2.00E-04,4.11E-10,4.87E+05,2.00E-04
ADI-15899,VH3-30,AREKRFLEWLSVGDAFDI,W.B.,,,5.36E-09,3.73E+04,2.00E-04,6.26E-10,3.20E+05,2.00E-04
ADI-15900,VH4-39,ARQDVVVWARELLHSLGGWFDP,W.B.,,,N.B.,,,1.30E-09,1.53E+05,2.00E-04
ADI-15901,VH4-59,ARHTPIRYSSGWYLDY,8.04E-10,2.49E+05,2.00E-04,2.90E-09,2.32E+05,6.72E-04,N.B.,,
ADI-15902,VH3-21,ARAVGELLFYTDAFDI,W.B.,,,4.52E-09,6.17E+04,2.79E-04,3.19E-09,4.79E+05,1.53E-03
ADI-15903,VH3-48,ARKRGIYGLLIGPEDDAFDI,W.B.,,,2.73E-09,7.34E+04,2.00E-04,2.36E-10,8.49E+05,2.00E-04
ADI-15904,VH3-30,ARDFWLLLDAFDI,W.B.,,,1.45E-08,4.15E+04,6.02E-04,4.96E-10,4.04E+05,2.00E-04
ADI-15906,VH3-48,ARTGQPSDWLLPPEYFQH,W.B.,,,N.B.,,,9.72E-10,2.49E+05,2.42E-04
ADI-15907,VH3-30,ARENYGDDTLILVGSYYGMDV,W.B.,,,4.35E-09,5.52E+04,2.40E-04,5.04E-10,3.97E+05,2.00E-04
ADI-15908,VH4-34,ARRLQRHGNYVGSFDY,1.59E-09,1.26E+05,2.00E-04,1.26E-09,1.59E+05,2.00E-04,N.B.,,
ADI-15909,VH6-1,AREWELRYDAFDI,1.08E-09,2.38E+05,2.56E-04,1.16E-09,2.44E+05,2.83E-04,N.B.,,
ADI-15910,VH3-7,AREAFLEWLAPLGYYYMDV,W.B.,,,6.33E-09,6.01E+04,3.80E-04,1.31E-09,2.93E+05,3.84E-04
ADI-15911,VH3-7,ARSKTYYYDSSGYYWFDY,W.B.,,,1.62E-09,2.19E+05,3.54E-04,N.B.,,
ADI-15912,VH4-34,ARAWLRSRGYPSFDY,1.35E-09,1.48E+05,2.00E-04,1.23E-09,1.63E+05,2.00E-04,N.B.,,
ADI-15913,VH1-69,ARVAGASGSGY,W.B.,,,1.58E-08,4.64E+04,7.33E-04,2.99E-09,2.71E+05,8.11E-04
ADI-15914,VH4-39,ARTVPPDVKIKDILVLVAATEGWFDP,6.20E-09,3.23E+04,2.00E-04,4.50E-09,4.44E+04,2.00E-04,4.05E-10,4.94E+05,2.00E-04
ADI-15915,VH3-21,ARDIYDSGGYYYGGGTDAFDI,W.B.,,,5.02E-09,5.06E+04,2.54E-04,N.B.,,
ADI-15916,VH3-30,AKGAVVIAMLNYFDY,9.09E-10,2.20E+05,2.00E-04,6.51E-10,3.07E+05,2.00E-04,N.B.,,
ADI-15917,VH1-2,ATIGPVSIFEVLIPQNYYYYAMDV,6.69E-09,2.99E+04,2.00E-04,7.25E-09,4.72E+04,3.42E-04,5.42E-10,3.69E+05,2.00E-04
ADI-15918,VH4-34,ARGPQSFYDLLTGLNPPDS,6.34E-09,3.15E+04,2.00E-04,3.95E-09,5.07E+04,2.00E-04,4.44E-10,4.51E+05,2.00E-04
ADI-15919,VH3-33,ARVGSYGSGPLLYSFYYMDV,W.B.,,,1.35E-08,5.12E+04,6.92E-04,4.96E-10,4.03E+05,2.00E-04
ADI-15920,VH3-48,ARGANYDIWSGFPNWFDP,W.B.,,,3.66E-09,5.46E+04,2.00E-04,3.36E-10,5.95E+05,2.00E-04
ADI-15921,VH1-46,ARDNPGDQWLVPYNSYYYMDV,6.68E-09,3.10E+04,2.07E-04,2.24E-08,4.36E+04,9.74E-04,1.62E-09,2.95E+05,4.78E-04
ADI-15922,VH1-69,AREETIGGIVVSQFFDP,W.B.,,,2.72E-08,4.53E+04,1.23E-03,5.95E-10,3.36E+05,2.00E-04
ADI-15923,VH3-48,ARGLLSSSMISIINEGFDY,4.70E-09,4.25E+04,2.00E-04,9.69E-09,2.93E+04,2.84E-04,5.29E-10,3.78E+05,2.00E-04
ADI-15924,VH3-30,AKESFSGRQLLVPWSFDF,W.B.,,,6.62E-09,9.74E+04,6.44E-04,1.02E-09,1.97E+05,2.00E-04
ADI-15925,VH3-30,AKGAVVIAMLNYFDS,9.84E-10,2.03E+05,2.00E-04,8.83E-10,2.27E+05,2.00E-04,N.B.,,
ADI-15926,VH3-30,TRGGDIVVLVAESRQEDYNGMDV,4.88E-09,4.10E+04,2.00E-04,2.57E-08,3.06E+04,7.84E-04,6.76E-10,2.96E+05,2.00E-04
ADI-15927,VH1-46,ALLAGYSGFYYLVPFDY,5.25E-09,3.81E+04,2.00E-04,N.B.,,,9.77E-10,2.05E+05,2.00E-04
ADI-15928,VH4-4,ARERLLWLKNLLYNENGLDV,5.25E-09,3.81E+04,2.00E-04,3.76E-08,2.11E+04,7.94E-04,6.41E-10,3.12E+05,2.00E-04
ADI-15929,VH3-21,ARDAPITSSWGTGYYDYYYMDV,W.B.,,,N.B.,,,8.76E-10,2.28E+05,2.00E-04
ADI-15930,VH5-10-1,ARRDVLDISPWLHPADWFDP,6.78E-09,2.95E+04,2.00E-04,4.68E-08,1.59E+04,7.44E-04,6.78E-10,2.95E+05,2.00E-04
ADI-15931,VH3-7,ARVGALLWFRDLLFIDYGMDV,W.B.,,,N.B.,,,1.10E-09,1.81E+05,2.00E-04
ADI-15932,VH3-48,ARGNVPPDMLYYYYAMDV,5.11E-09,3.92E+04,2.00E-04,1.98E-08,2.89E+04,5.71E-04,5.31E-10,3.77E+05,2.00E-04
ADI-15933,VH3-33,VRGWDHVDY,3.23E-09,6.20E+04,2.00E-04,2.86E-09,8.16E+04,2.34E-04,N.B.,,
ADI-15934,VH3-15,TADSIAGLPAAIE,W.B.,,,1.46E-08,2.98E+04,4.35E-04,1.29E-09,1.55E+05,2.00E-04
ADI-15935,VH1-18,ARDLTPRYGLDV,1.15E-09,1.75E+05,2.00E-04,1.56E-09,1.28E+05,2.00E-04,N.B.,,
ADI-15936,VH3-21,ARTLGDSLLYLDAFDI,W.B.,,,N.B.,,,7.48E-10,2.67E+05,2.00E-04
ADI-15937,VH1-18,ARDVLRFLEWLLHLRTNDYNGMDV,6.80E-09,3.24E+04,2.20E-04,N.B.,,,6.98E-10,2.87E+05,2.00E-04
ADI-15938,VH4-34,ARGAGIIFGGVVLTNNNWGDV,7.05E-09,2.84E+04,2.00E-04,N.B.,,,8.18E-10,2.45E+05,2.00E-04
ADI-15939,VH3-23,AKVEGEWSDIVVVVAATPFDY,W.B.,,,N.B.,,,1.13E-09,1.78E+05,2.00E-04
ADI-15940,VH3-21,ARPITILQGVLIVDAFDI,W.B.,,,3.65E-09,5.48E+04,2.00E-04,4.76E-10,4.20E+05,2.00E-04
ADI-15941,VH1-2,ARVNHYDSSGYYGWFDP,2.87E-09,6.96E+04,2.00E-04,3.67E-09,5.45E+04,2.00E-04,N.B.,,
ADI-15942,VH4-4,ATNRGLTFGELLFRDRGEAFDI,5.95E-09,3.36E+04,2.00E-04,4.43E-09,4.51E+04,2.00E-04,8.57E-10,2.33E+05,2.00E-04
ADI-15943,VH4-34,ARHAHSGMDV,3.62E-09,1.44E+05,5.20E-04,N.B.,,,N.B.,,
ADI-15944,VH4-59,VRHYSDFWSGYHTPIWFDP,W.B.,,,6.28E-09,5.70E+04,3.58E-04,3.35E-10,7.45E+05,2.50E-04
ADI-15945,VH3-11,ARDSMVQGVFIHGPNDY,W.B.,,,4.24E-09,4.72E+04,2.00E-04,5.54E-10,3.61E+05,2.00E-04
ADI-15946,VH3-15,TTYTEDMRYFDWLLRGGETFDY,2.80E-09,7.13E+04,2.00E-04,3.24E-09,7.07E+04,2.29E-04,N.B.,,
ADI-15947,VH4-34,ARGRSSTVVSRTTHFDY,2.09E-09,9.57E+04,2.00E-04,2.28E-09,8.78E+04,2.00E-04,N.B.,,
ADI-15948,VH3-30,AREGFCSEGICTLGYQLDY,W.B.,,,N.B.,,,1.30E-09,2.81E+05,3.66E-04
ADI-15949,VH3-11,ARGEGFRELLVKDYYGMDV,W.B.,,,5.50E-09,5.37E+04,2.96E-04,6.38E-10,3.14E+05,2.00E-04
ADI-15950,VH4-34,ARSRDYDFWTGHSRFFDY,9.95E-09,4.03E+04,4.01E-04,7.26E-09,8.89E+04,6.46E-04,3.39E-08,8.98E+04,3.04E-03
ADI-15951,VH1-2,VVRYFDWNGPFDY,5.52E-09,3.62E+04,2.00E-04,3.38E-09,5.92E+04,2.00E-04,N.B.,,
ADI-15952,VH4-34,TKVGSWNVGGMAFHI,3.98E-09,5.03E+04,2.00E-04,1.48E-08,5.25E+04,7.79E-04,N.B.,,
ADI-15953,VH4-61,ARVQSPFNWNGYYSSLFFDY,2.45E-09,8.15E+04,2.00E-04,2.99E-09,6.69E+04,2.00E-04,N.B.,,
ADI-15954,VH1-46,RRSGWSVTDYFDY,6.14E-09,3.42E+04,2.10E-04,3.99E-09,5.01E+04,2.00E-04,N.B.,,
ADI-15955,VH3-21,ARDGALPADFVLLPAVNCFDP,W.B.,,,4.55E-09,4.40E+04,2.00E-04,5.34E-10,3.74E+05,2.00E-04
ADI-15956,VH1-46,ARDRYPTVVKYFGMDV,7.50E-10,2.67E+05,2.00E-04,8.25E-10,2.43E+05,2.00E-04,N.B.,,
ADI-15957,VH3-23,ARSSELSGSYYLQAFDYFDY,W.B.,,,1.73E-08,5.56E+04,9.60E-04,6.81E-10,2.94E+05,2.00E-04
ADI-15958,VH4-34,ARVSLYFGYYMDV,6.04E-09,3.31E+04,2.00E-04,1.75E-08,3.94E+04,6.88E-04,N.B.,,
ADI-15959,VH3-21,AREEITISGVLVHPVMDV,4.60E-09,4.35E+04,2.00E-04,9.93E-09,5.68E+04,5.64E-04,5.87E-10,3.41E+05,2.00E-04
ADI-15960,VH3-48,ARGGYQDDLLVLVTPYDF,5.59E-09,3.58E+04,2.00E-04,4.42E-09,4.53E+04,2.00E-04,4.28E-10,4.68E+05,2.00E-04
ADI-15961,VH1-3,ARGEIPLLVPPAMVRGFYYYMDV,7.69E-09,2.60E+04,2.00E-04,5.35E-09,3.74E+04,2.00E-04,8.34E-10,2.40E+05,2.00E-04
ADI-15962,VH3-11,ARVAHGYDSYYFDH,W.B.,,,1.03E-08,3.41E+04,3.50E-04,N.B.,,
ADI-15963,VH4-34,ARGPIVVMVFVARPFDY,1.38E-09,3.41E+05,4.70E-04,5.15E-09,4.91E+05,2.53E-03,N.B.,,
ADI-15964,VH3-7,AREAFLEWLAPLGHYYMDV,1.70E-09,1.17E+05,2.00E-04,2.17E-09,1.00E+05,2.17E-04,2.03E-09,3.33E+05,6.76E-04
ADI-15965,VH3-48,ARVDSYYGILTGYPDY,W.B.,,,9.17E-09,4.60E+04,4.22E-04,7.54E-10,2.65E+05,2.00E-04
ADI-15966,VH1-2,VVRYFDWNGPIDY,5.18E-09,3.86E+04,2.00E-04,3.29E-09,6.08E+04,2.00E-04,N.B.,,
ADI-15967,VH3-48,AREYFRSPGSLLRFSGNWFDP,W.B.,,,1.57E-08,5.60E+04,8.78E-04,8.86E-10,2.86E+05,2.53E-04
ADI-15968,VH2-5,AHSQTPVSRFLDWSQRLYFDY,1.15E-08,1.98E+04,2.28E-04,2.79E-08,3.86E+04,1.08E-03,5.12E-10,3.91E+05,2.00E-04
ADI-15969,VH3-7,AREEDVNIAMGALGY,3.00E-08,5.91E+04,1.77E-03,4.93E-09,6.79E+04,3.35E-04,N.B.,,
ADI-15970,VH3-23,AKDQDFWSGYSPPIT,W.B.,,,2.64E-09,7.58E+04,2.00E-04,3.81E-10,5.49E+05,2.09E-04
ADI-15971,VH3-33,ARESIRVGDTRSYFDY,3.86E-09,7.06E+04,2.72E-04,5.59E-09,8.53E+04,4.77E-04,N.B.,,
ADI-15972,VH4-31,ARVPGARIGITFDI,7.67E-09,2.61E+04,2.00E-04,N.B.,,,N.B.,,
ADI-15973,VH4-30-4,ARLLWGSMRFLEWSPSGYFDS,4.46E-08,2.70E+04,1.20E-03,3.36E-08,5.37E+04,1.80E-03,1.86E-09,3.40E+05,6.32E-04
ADI-15974,VH1-46,ARDRYPTVTKYFGMDV,9.51E-10,2.10E+05,2.00E-04,1.05E-09,1.90E+05,2.00E-04,N.B.,,
ADI-15975,VH4-4,ARDRAVSINYYYYMDV,8.03E-10,2.67E+05,2.14E-04,1.52E-09,2.27E+05,3.44E-04,N.B.,,
ADI-15976,VH4-59,ARLGRLITGTLWYSDY,8.89E-10,2.25E+05,2.00E-04,4.53E-09,1.87E+05,8.48E-04,N.B.,,
ADI-15977,VH4-34,ARALPRGGNYRTFDY,2.06E-09,9.71E+04,2.00E-04,1.68E-09,1.19E+05,2.00E-04,N.B.,,
ADI-15978,VH4-34,ARAWLRTSWYPSFDY,1.80E-09,1.11E+05,2.00E-04,1.91E-09,1.05E+05,2.00E-04,N.B.,,
ADI-15979,VH3-64D,VKGGGTTEYYYYGMDV,6.17E-09,3.24E+04,2.00E-04,N.B.,,,N.B.,,
ADI-15980,VH1-2,AREEGRNSLRYYYGMDV,3.05E-09,6.55E+04,2.00E-04,1.66E-08,3.49E+04,5.79E-04,N.B.,,
ADI-15981,VH1-69,ARDLEWLGYCTGGVCYASSMDV,W.B.,,,3.42E-08,5.22E+04,1.78E-03,N.B.,,
ADI-15982,VH4-59,ARYYYDSRGYYSHYYHMDV,4.67E-09,4.28E+04,2.00E-04,9.19E-09,4.84E+04,4.45E-04,N.B.,,
ADI-15983,VH1-2,ATPAPIVGATRGYYYHYYGMDV,9.88E-09,3.48E+04,3.44E-04,3.18E-09,6.29E+04,2.00E-04,N.B.,,
ADI-15984,VH3-7,AREEDVNIAMGALGY,6.91E-09,5.64E+04,3.89E-04,2.64E-09,7.57E+04,2.00E-04,N.B.,,
ADI-15985,VH4-34,ARGRVGPEILVPAAAGHYMDV,3.66E-09,5.46E+04,2.00E-04,3.86E-09,5.19E+04,2.00E-04,3.80E-10,5.26E+05,2.00E-04
ADI-15986,VH3-23,AKDRDFWSGSRDFDY,8.53E-09,2.90E+04,2.47E-04,2.67E-09,7.49E+04,2.00E-04,3.15E-10,6.35E+05,2.00E-04
ADI-15987,VH1-2,ARGPITNYVVINAYDYYMDV,5.57E-09,3.59E+04,2.00E-04,8.20E-09,4.44E+04,3.64E-04,6.85E-10,2.92E+05,2.00E-04
ADI-15988,VH4-59,ARASITGFGVLIMEGVFDS,5.76E-09,3.48E+04,2.00E-04,4.09E-09,4.89E+04,2.00E-04,6.07E-10,3.29E+05,2.00E-04
ADI-15989,VH1-2,ARGPGITMLLLAHRYEFDY,1.39E-08,4.26E+04,5.90E-04,2.58E-08,5.89E+04,1.52E-03,7.16E-10,3.58E+05,2.56E-04
ADI-15990,VH4-59,ARGQRRDDYNLWLIRVNDAFDM,5.49E-09,3.65E+04,2.00E-04,4.59E-09,4.36E+04,2.00E-04,5.60E-10,3.57E+05,2.00E-04
ADI-15991,VH1-18,ARHVWANQWLAENYYYYYMDV,W.B.,,,N.B.,,,N.B.,,
ADI-15992,VH3-64D,VKDLEGSPYIQLWLLGY,9.01E-09,2.22E+04,2.00E-04,1.28E-08,3.15E+04,4.04E-04,7.44E-10,2.69E+05,2.00E-04
ADI-15993,VH3-21,ARDHKEYISDWGVGYYYSGMDV,W.B.,,,N.B.,,,6.32E-10,3.16E+05,2.00E-04
ADI-15994,VH3-48,ARVPYYGILTAGYFDY,W.B.,,,1.86E-08,4.16E+04,7.76E-04,6.20E-10,3.23E+05,2.00E-04
ADI-15995,VH1-46,ARETSKHDFWSGSPYHYYYMDV,7.89E-09,2.53E+04,2.00E-04,5.04E-09,3.97E+04,2.00E-04,N.B.,,
ADI-15996,VH1-46,RRSGWSVTDYFDY,7.52E-09,2.66E+04,2.00E-04,4.75E-09,4.21E+04,2.00E-04,N.B.,,
ADI-15997,VH1-24,ATVPPSTIFGVLIKGAQYNWFDP,W.B.,,,N.B.,,,N.B.,,
ADI-15998,VH3-21,ATQLVVGGYYYGMDV,1.34E-08,3.39E+04,4.53E-04,5.53E-09,4.33E+04,2.40E-04,N.B.,,
ADI-15999,VH3-23,AKGRTSSA,W.B.,,,1.97E-08,2.10E+05,4.15E-03,N.B.,,
ADI-16000,VH4-34,ARGERFLEWSLANYYVDV,W.B.,,,N.B.,,,8.11E-10,2.47E+05,2.00E-04
ADI-16001,VH3-15,TTDLWQPGSYYYYMDV,W.B.,,,3.87E-09,5.17E+04,2.00E-04,N.B.,,
ADI-16003,VH4-4,ARDGGGSNSSGFRVFRATFDY,4.08E-08,2.41E+05,9.82E-03,2.37E-08,3.32E+05,7.87E-03,N.B.,,
ADI-16005,VH4-34,VRGPPGWYSSDWPIDY,3.57E-09,9.17E+04,3.27E-04,7.06E-09,8.53E+04,6.02E-04,N.B.,,
ADI-16006,VH2-5,AHSLVAYSNSPVAFGSSWFLSSETTNYFDP,5.28E-09,3.79E+04,2.00E-04,3.99E-09,5.01E+04,2.00E-04,6.35E-10,4.46E+05,2.83E-04
ADI-16007,VH1-18,ARCSELYYDILTSSYFFDY,W.B.,,,N.B.,,,1.21E-09,1.66E+05,2.00E-04
ADI-16008,VH1-69,AREVGDMIGVILYTYYYMDV,6.23E-09,3.21E+04,2.00E-04,2.24E-09,8.92E+04,2.00E-04,6.04E-10,3.31E+05,2.00E-04
ADI-16009,VH3-21,ARDLSFGGIIFINAFDL,7.07E-09,2.83E+04,2.00E-04,4.46E-09,4.49E+04,2.00E-04,3.95E-10,5.06E+05,2.00E-04
ADI-16010,VH3-23,AAERLQWFDYLSSTDYYMDV,W.B.,,,9.16E-09,4.02E+04,3.68E-04,9.16E-10,2.18E+05,2.00E-04
ADI-16011,VH3-30,AKDSPGEQWLILSYYGMDV,W.B.,,,3.50E-09,7.13E+04,2.50E-04,1.11E-09,1.79E+05,2.00E-04
ADI-16012,VH1-3,GRDHVALLSAIFEPQYWIDP,5.36E-09,3.73E+04,2.00E-04,2.61E-09,7.68E+04,2.00E-04,6.11E-10,3.27E+05,2.00E-04
ADI-16013,VH3-48,AKLGAPEQWLVSSKESYFDY,W.B.,,,1.02E-08,4.81E+04,4.88E-04,2.43E-09,5.15E+05,1.25E-03
ADI-16015,VH3-33,ARGGDIVVPAGSMDYYGMDV,W.B.,,,1.45E-08,3.77E+04,5.46E-04,8.04E-10,2.49E+05,2.00E-04
ADI-16016,VH3-48,ASGLRDLGVLLVPADYDGMDV,W.B.,,,2.87E-08,3.53E+04,1.01E-03,6.90E-10,2.90E+05,2.00E-04
ADI-16017,VH4-39,ARHGYGDYLLTHYHFGLDV,6.05E-09,3.31E+04,2.00E-04,5.31E-09,3.77E+04,2.00E-04,5.32E-10,3.76E+05,2.00E-04
ADI-16018,VH4-34,ARGPRRFGILIAHNWFDP,8.04E-09,2.49E+04,2.00E-04,7.81E-09,3.13E+04,2.45E-04,5.61E-10,3.57E+05,2.00E-04
ADI-16019,VH4-59,ARDDYFGGVKI,6.98E-09,2.87E+04,2.00E-04,N.B.,,,N.B.,,
ADI-16020,VH1-2,ARGNFGRDLLLPAALGGWFDP,5.50E-09,3.64E+04,2.00E-04,6.85E-09,3.23E+04,2.21E-04,6.45E-10,3.10E+05,2.00E-04
ADI-16021,VH3-33,ARGGSRGLEMATIYGGGLIY,1.21E-09,1.66E+05,2.00E-04,3.47E-09,3.15E+05,1.09E-03,N.B.,,
ADI-16022,VH3-33,ARGWSYVDY,3.28E-08,1.10E+05,3.61E-03,1.13E-08,1.37E+05,1.55E-03,N.B.,,
ADI-16024,VH1-2,ARGGVVDILTLTFYYAMDV,5.09E-09,3.93E+04,2.00E-04,2.81E-08,2.56E+04,7.20E-04,1.23E-09,4.22E+05,5.17E-04
ADI-16025,VH4-39,ARADMLHEFIINRVAFDY,5.95E-09,3.36E+04,2.00E-04,5.03E-08,2.48E+04,1.25E-03,6.06E-09,3.78E+05,2.29E-03
ADI-16026,VH4-34,ARGRGGDIVIPHDAVGGMDV,7.00E-09,2.86E+04,2.00E-04,N.B.,,,1.08E-09,2.52E+05,2.73E-04
ADI-16027,VH1-18,ARSVLRYSDWLLYDADYMDV,6.00E-09,3.33E+04,2.00E-04,1.42E-08,3.01E+04,4.28E-04,6.75E-10,2.96E+05,2.00E-04
ADI-16028,VH4-30-4,ARGPKSLAGIAMTGAFDY,5.75E-09,3.48E+04,2.00E-04,1.09E-08,3.21E+04,3.50E-04,7.59E-10,2.64E+05,2.00E-04
ADI-16029,VH3-13,ARAVFGSSAFDI,W.B.,,,2.53E-08,5.32E+04,1.35E-03,5.85E-09,1.71E+05,1.00E-03
ADI-16030,VH1-2,ARAWPTDIVILPTALTGLDP,6.15E-09,3.25E+04,2.00E-04,9.08E-09,4.02E+04,3.65E-04,1.04E-09,2.26E+05,2.36E-04
ADI-16031,VH4-34,ARALPRGGNYRTFDY,1.12E-09,1.78E+05,2.00E-04,1.15E-09,1.77E+05,2.04E-04,N.B.,,
ADI-16032,VH3-11,ARGSYCTGVLCTHDAFDI,7.28E-09,2.94E+04,2.14E-04,1.28E-08,3.78E+04,4.85E-04,4.43E-10,5.00E+05,2.21E-04
ADI-16033,VH3-23,TKEFQARLFELLVPASGVSYYGLDV,W.B.,,,N.B.,,,5.54E-09,2.47E+05,1.37E-03
ADI-16034,VH4-4,ARLNSITLVRGVEGYYYMDV,1.32E-08,1.62E+04,2.14E-04,N.B.,,,7.80E-10,2.56E+05,2.00E-04
ADI-16035,VH1-2,ARELSGDCSGGVCSGSGYFDY,5.06E-09,1.61E+05,8.15E-04,N.B.,,,N.B.,,
ADI-16036,VH3-23,AKDSEVFGVLILPRGMDV,W.B.,,,2.04E-08,4.56E+04,9.30E-04,6.84E-09,4.44E+05,3.03E-03
ADI-16037,VH3-21,ARDLGDILIVPAAFDY,W.B.,,,5.23E-08,3.15E+04,1.65E-03,1.19E-09,2.66E+05,3.16E-04
ADI-16038,VH4-30-4,ARGPKSLSGIAMAGAFDY,6.18E-09,3.24E+04,2.00E-04,4.44E-09,4.50E+04,2.00E-04,6.19E-10,3.23E+05,2.00E-04
ADI-16039,VH1-2,ARSQYKWNYFPTPIDY,4.15E-09,4.82E+04,2.00E-04,5.00E-09,4.00E+04,2.00E-04,N.B.,,
ADI-16040,VH4-34,ARGPMTTVTTWGIGYYDYGMDV,8.15E-09,2.45E+04,2.00E-04,N.B.,,,8.31E-10,2.41E+05,2.00E-04
ADI-16041,VH4-59,ARHHPWGLHGGYGAYNLGWFVP,1.28E-08,3.81E+04,4.88E-04,9.20E-09,5.77E+04,5.31E-04,5.12E-09,5.10E+05,2.61E-03
ADI-16042,VH3-21,ARGDDFVVVAGTIDYSHYVMDV,W.B.,,,N.B.,,,6.54E-10,3.06E+05,2.00E-04
ADI-16043,VH3-23,ARLQRFSFTMGVVVITEPAFDL,W.B.,,,N.B.,,,3.09E-09,6.47E+04,2.00E-04
ADI-16044,VH1-69,ARLVWDIVILPGSTAYYYMDV,6.32E-09,3.17E+04,2.00E-04,6.16E-09,4.33E+04,2.67E-04,6.72E-10,2.98E+05,2.00E-04
ADI-16045,VH3-30,ATRRFRELLERYDYYGLDV,W.B.,,,N.B.,,,1.34E-09,1.99E+05,2.67E-04
ADI-16046,VH3-15,VTPPVGPHQYYVY,W.B.,,,3.23E-09,6.78E+04,2.19E-04,6.45E-10,3.10E+05,2.00E-04
ADI-16047,VH2-5,AHVNVITVFGVIIVPSGWFDP,4.21E-09,4.75E+04,2.00E-04,6.80E-09,5.06E+04,3.44E-04,N.B.,,
ADI-16048,VH4-39,ARLKSTDNDFWNGYPDY,W.B.,,,N.B.,,,4.84E-09,1.34E+05,6.48E-04
ADI-16049,VH4-39,ARADMLQGIIITRVAFDY,5.90E-09,3.39E+04,2.00E-04,6.55E-09,3.05E+04,2.00E-04,4.70E-10,4.26E+05,2.00E-04
ADI-16050,VH4-34,ARGETVRLDP,7.50E-09,2.90E+04,2.18E-04,4.79E-09,4.18E+04,2.00E-04,N.B.,,
ADI-16051,VH5-10-1,ARHTYNSDWGTANIAMDV,W.B.,,,N.B.,,,1.32E-09,1.51E+05,2.00E-04
ADI-16052,VH3-49,IRDVST,W.B.,,,5.10E-09,3.93E+04,2.00E-04,N.B.,,
ADI-16053,VH3-48,AREGPTPMDYYYYYMDV,1.85E-08,4.25E+04,7.88E-04,3.19E-09,7.86E+04,2.51E-04,N.B.,,
ADI-16054,VH1-2,ARGPAADCTGGVCFFLERSDAFDI,6.46E-09,3.10E+04,2.00E-04,1.65E-08,4.69E+04,7.72E-04,1.71E-09,3.50E+05,5.99E-04
ADI-16055,VH3-48,ARGNGDERAVYYYYGMDV,W.B.,,,9.13E-09,3.20E+04,2.92E-04,5.71E-10,3.51E+05,2.00E-04
ADI-16056,VH3-21,ARDVTDSSGYLYLNAFDL,W.B.,,,N.B.,,,9.84E-10,2.03E+05,2.00E-04
ADI-16058,VH1-3,ARGLEDTVVVQELNWFDP,7.45E-09,2.68E+04,2.00E-04,1.73E-08,4.37E+04,7.56E-04,5.93E-10,3.37E+05,2.00E-04
ADI-16059,VH3-23,AKEKDFWNGYYIDY,W.B.,,,3.47E-09,5.76E+04,2.00E-04,4.79E-10,4.18E+05,2.00E-04
ADI-16060,VH4-59,AGDQGFCTNGVCFRVGWFDP,7.26E-09,2.76E+04,2.00E-04,N.B.,,,9.79E-10,2.04E+05,2.00E-04
ADI-16061,VH1-46,ARDRYPVLFATDYGMDV,8.35E-10,2.39E+05,2.00E-04,8.76E-10,2.28E+05,2.00E-04,N.B.,,
ADI-16062,VH4-34,ARALRTIWDGYYNYMDV,1.50E-08,6.52E+05,9.75E-03,P.F.,,,N.B.,,
ADI-16063,VH4-34,ARGTYKDIGVLIAATYYDH,6.24E-09,3.20E+04,2.00E-04,N.B.,,,9.03E-10,2.22E+05,2.00E-04
