Ab Name,Iso,"# VH
Mut",VH,D,JH,VH CDR3 AA,LC,"# LC V
Mut",LC V,LC J,LC CDR3 AA,"#
Clones","Cal09 kD
Whole virus","Binds
rHA",HAI,Neut
029-09 2A06,G,16,3-21,6-19,J4,ARDGTSLTVAGPLDY,kappa,7,1-17,J1,LQYNSYPRT,1,3.06E-09,yes,,
029-09 3A02,G,8,3-53,2-21,J4,ARVLYVCGGDCSFTFDY,lambda,13,3-1,J3,QTWDGGAL,1,1.45E-09,yes,yes,yes
029-09 3F04,G,30,1-69,5-05,J4,VASSGYHLHRETWGY,lambda,7,3-1,J3,QAWDSITNWV,1,1.22E-09,yes,yes,yes
029-09 4A01,G,19,1-02,6-19,J3,AKDRAWLVYDDGSDV,kappa,8,2D-29,J1,MQTIQLPGT,1,3.83E-09,yes,,yes
030-09 1A06,A,14,1-69,5-12,J4,ARAGNTQWLRYPLDS,kappa,12,1-5,J1,QQYDSYPWT,2,8.02E-09,yes,,yes
030-09 1D05,G,5,1-69,3-10,J6,ARDTYYSDRFYYYAMDV,kappa,2,3-20,J2,QQYGSSPYT,1,5.95E-09,,,
030-09 1E04,G,12,1-69,2-08,J4,ARHIEYGPKSLVDY,kappa,1,3-20,J5,QQYGSSPIT,1,1.40E-09,yes,,yes
030-09 1E05,?,26,3-23,3-03,J5,VKEEKRFLDKLSIMA,kappa,12,1-5,J1,QQYYGYPWT,1,3.53E-08,yes,,
030-09 2A03,G,5,4-59,undet,J5,ARGGGHYFLNWFDP,kappa,7,3-11,J1,QQRSNWPPWT,1,7.59E-09,yes,,yes
030-09 2B03,G,13,1-69,3-10,J4,ARDYGSGSSQTSGAFDF,kappa,4,3-11,J2,QQRSNWPPEFT,1,9.95E-09,yes,,yes
030-09 2G03,G,10,3-23,5-12,J4,AKEGDVDIVVTITPPRYY,kappa,4,1-5,J1,QQYNSFSRT,1,1.07E-08,yes,,yes
030-09 3B01,G,20,1-46,3-22,J4,"ARDPRFQGLYDGSDYYW
GHY",kappa,15,1-5,J1,QQYSSYSWT,1,2.56E-08,yes,,
030-09 3B03,G,10,3-64,3-03,J5,VKGQFLEWYNWFDP,kappa,2,3-15,J2,QQCDNWPPT,1,5.61E-08,yes,,yes
030-09 3B05,?,5,4-59,2-21,J3,"ARLPYCGTDCYSEHKDAF
DI",lambda,5,2-11,J1,CSYAGSYTPNYV,1,*,yes,,
030-09 3E05,G,9,3-23,6-19,J4,AKAAAPHIVVAGVFDY,kappa,6,3-15,J5,QQYNNWPPVT,1,1.06E-08,yes,,yes
045-09 1A01,G,23,4-31,2-15,J6,"ARAAKESLCIGGSCDSNY
EHYGLDV",kappa,12,1-39,J2,QQSYSTLPYT,4,3.17E-09,yes,,
045-09 1A03,G,8,3-23,6-13,J4,AKEMRRDIATAGYFDY,kappa,4,3-11,J4,QQRSNWPPLT,1,2.30E-09,yes,,yes
045-09 1D03,G,13,3-11,5-12,J5,ARTENSGYDLVRV,kappa,4,1-33,J5,QQYDT,1,2.91E-10,yes,yes,yes
045-09 1F04,G,15,3-48,3-22,J6,"ARDDDSNDYNQDRYYYY
GMDV",kappa,3,3-15,J5,QQYDNWPPIT,1,6.85E-08,,,yes
045-09 1F06,G,15,3-21,3-09,J4,ARDLGGRGALTGYWIDS,kappa,2,3-15,J1,QQYNNWPRT,1,1.06E-08,yes,,
045-09 1G05,G,29,4-61,2-15,J4,"ARETPADRPYCGSGSCSF
DS",kappa,23,1-39,J2,QQSFTTLGST,2,9.78E-10,yes,,
045-09 2A03,G,40,1-69,3-10,J6,"ARGPTYGSDRTFYQGMD
V",kappa,20,3-20,J5,QDYGSSLIT,1,1.23E-08,,,yes
045-09 2B03,G,11,3-23,5-12,J4,AKDVVATNPPLSGYFDY,kappa,1,3-11,J5,QQRSNWPPIT,1,8.84E-09,yes,,yes
045-09 2B05,G,16,3-23,3-22,J5,AKSDSSGFQYGRREF,kappa,9,1-33,J4,QHYHNLPRT,3,9.32E-10,yes,yes,yes
045-09 2B06,G,37,1-18,3-03,J6,"ARDHVQGEVSIYYYAMD
V",kappa,15,3-11,J5,QQRGTWPRGLIT,1,1.10E-08,yes,,yes
045-09 2E02,G,16,3-23,5-24,J4,AKGDGYNAGMVFFDY,kappa,8,1-5,J2,QQYNSFSVYT,1,9.24E-10,yes,yes,yes
045-09 5F01,G,18,4-39,undet,J4,ARLFTFEGADY,lambda,7,2-14,J2,LSYRNSNTPHVV,1,2.6E-09,yes,yes,yes
045-09 5G01,G,12,3-74,3-03,J6,ARDGGGQYYYSMDV,lambda,1,1-40,J3,QSYDNDRGV,1,1.026E-08,,,
045-09 5G02,G,11,3-23,undet,J6,"AKRFCSGGRCYPPGDYGC
DV",kappa,4,3-15,J4,QQRGTWPRGLIT,1,2.878E-08,yes,,yes
047-09 1A02,G,33,3-23,3-22,J4,GKYDSSGHHYVRRMHF,kappa,12,1-33,J4,QQYRNPLLT,4,3.81E-09,yes,yes,yes
047-09 1A05,G,5,1-02,2-15,J4,"AKDTTHTDCSDGGCYWE
NFDC",kappa,4,4-1,J4,QQYFSTPLT,2,1.86E-08,yes,,yes
047-09 1C05,G,7,3-23,undet,J4,AKGGDFWTGHYYFDY,kappa,2,3-11,J3,QQRSNWPPGFT,1,3.45E-09,yes,,yes
047-09 1F05,G,12,3-30,3-10,J4,"AKDWGPRILYYFTSGSYS
PLDY",kappa,3,3-20,J4,QQYGSSLT,1,3.28E-09,yes,,yes
047-09 1G05,G,12,4-59,3-09,J3,ARDSTGYSKENAFDI,kappa,8,1D-39,J2,QQSYNNPYS,1,1.62E-08,yes,,
047-09 4B02,G,6,4-34,3-09,J4,ARGRAGILTGYSYDY,kappa,3,2-30,J1,MQGTHWPT,1,4.37E-09,yes,,yes
047-09 4D05,G,13,4-b,2-08,J4,ARPSLSYRIYFDS,kappa,5,3-20,J3,QLFT,1,6.44E-10,yes,,yes
047-09 4E01,G,7,3-23,undet,J4,"AKDEGRPSASLGIMYYFD
Y",kappa,0,1D-12,J4,QQANSFLGLT,1,5.93E-08,yes,,yes
047-09 4E02,A,11,3-21,3-16,J3,ARPILSGDYVWGQGAFEI,kappa,4,3-20,J1,QQYGTSSTWT,1,*,yes,yes,yes
047-09 4F01,G,12,1-69,5-05,J6,ARDSHTALGGMDV,kappa,0,3-15,J1,QHYNNWLWT,1,9.26E-08,yes,,yes
047-09 4F04,G,17,3-48,6-19,J4,ARGAQAGYSSFFPPTTF,kappa,3,3-15,J4,QQYYNWPPLT,1,3.86E-09,yes,,yes
051-09 4A03,G,35,3-21,"5/OR
1",J4,ARGQLLDFDRVSTINEN,kappa,25,3-15,J2,HQYRRWPDT,3,7.63E-10,yes,,yes
051-09 4B02,G,9,1-69,3-16,J4,ARVLPEGEFDY,kappa,7,1-5,J3,QQYNYAGST,1,6.74E-09,yes,,yes
051-09 4B03,G,36,3-15,3-22,J4,TTNANTDYYDTHGLSNY,kappa,15,2-28,J5,LQTLHTPFT,1,6.21E-08,yes,yes,yes
051-09 4C02,G,28,3-11,undet,J5,"ARAGVAVLTFDNRGWRF
FDP",kappa,10,3-11,J5,QQRSNWPPGVT,1,2.72E-10,,,yes
051-09 4C06,G,23,1-69,4-17,J4,ARRRDELGDYGTIYFDH,kappa,9,1-5,J2,QQCDSYSVA,1,4.09E-09,yes,,yes
051-09 4D03,G,30,1-08,3-03,J5,"ARGLGGGISVFGVLVRGR
WFDP",kappa,20,1-5,J1,QQYNIYSWT,1,2.69E-10,,,
051-09 4E06,G,40,1-69,2-02,J5,ARGGDYSSRWKQEET,kappa,17,1-16,J4,QQYDSYPHT,1,1.50E-09,yes,,yes
051-09 4G01,A,21,3-07,3-09,J4,ARDFQERLLDTLTGCYDY,kappa,26,1-39,J1,QQSYITPWT,1,6.03E-09,yes,,
051-09 5A01,G,31,3-11,1-26,J3,VRDRTGSRDINAFDI,kappa,11,1-39,J1,QQSYDFPQT,1,1.74E-09,yes,,
051-09 5A02,G,19,3-23,undet,J5,AKHGHMIFGVIIPNWFDP,kappa,7,3-15,J4,QQYNNWPPLT,1,7.02E-09,yes,,yes
051-09 5B06,G,38,3-15,3-22,J4,SSTADRDYYDTAGFLDF,kappa,14,2-28,J4,MQALQTRT,1,3.91E-08,yes,yes,yes
051-09 5C01,G,28,1-69,2-02,J5,TKGEGVYQPLLST,kappa,5,1-5,J2,QQYNGYPYT,1,5.34E-10,yes,,yes
051-09 5D01,G,20,3-30,4-17,J4,VKDSEYADYDPVY,kappa,8,1-5,J1,KQYNRYLWT,1,**,yes,,
051-09 5E03,G,70,4-59,6-13,J3,AREITRGLDAYDI,kappa,17,1D-39,J2,QQSYDWPYT,1,6.74E-09,yes,,
SFV009 2A04,G,20,1-69,3-22,J4,NSGFALLH,kappa,6,4-1,J2,QQYYSNSMYT,1,3.76E-10,,,
SFV009 2A06,G,20,1-69,undet,J4,ASPDLTMVFVPHTGPLDF,kappa,14,1-5,J1,QHYDTYSGT,1,5.31E-09,yes,,yes
SFV009 2G01,G,15,4-59,5-12,J6,"ARDCSGFEDMDSFYYFM
DV",kappa,13,3-11,J4,QYRSHWPPAVT,1,8.98E-10,yes,yes,yes
SFV009 3A01,G,13,4-39,2-08,J4,"ARQLTGMVYAILLPSYFD
F",kappa,5,1-5,J1,QQHNSYSGA,1,1.14E-08,yes,,yes
SFV009 3A02,G,20,3-23,1-26,J3,AKDRILPYDTDAFDI,kappa,19,1-5,J3,QEYHTSSRVT,1,4.44E-10,yes,,
SFV009 3D04,G,21,3-23,undet,J4,AKDRVVGRPWEYSLDF,kappa,16,3-15,J4,QQYNNWPPLT,1,1.66E-09,yes,,yes
SFV009 3F05,G,21,3-07,4-17,J5,ARAGSYGDYRPINNWFDP,kappa,18,1-5,J2,QHYSNYSYT,1,7.90E-10,yes,yes,yes
SFV009 3G01,G,13,3-30,undet,J4,ARDPSNPPHWGNFDS,kappa,9,3-11,J5,QQRSNWPPIT,1,2.02E-09,yes,,yes
SFV009 3G03,G,16,3-23,2-08,J4,AKDLAVTPPAQGYLDR,kappa,5,3-11,J5,QQRSNWPPIT,1,1.97E-09,yes,,yes
SFV009 5C01,G,21,3-23,1-26,J6,"AVRGTYYTSVDSYFYMD
V",lambda,18,3-21,J3,QVWDISSDHVV,3,8.44E-09,yes,yes,yes
SFV009 6C01,G,24,4-b,1-26,J6,"ARVKWVRDLNYYHYMD
V",lambda,15,3-21,J2,QVWDTGSDHVV,3,7.71E-09,yes,yes,yes
SFV015 1A01,G,26,1-69,undet,J6,"ARDDYMTVDRDYYYMD
V",kappa,8,3-15,J3,QQYNNWPPLFS,1,1.48E-10,yes,yes,yes
SFV015 1E04,G,15,1-69,2-21,J6,"AGVLTAFTDREPQYFLYY
MDI",kappa,9,3-20,J4,QQYGDSPLT,1,1.47E-08,,,yes
SFV015 1F04,G,23,3-30-3,3-03,J6,"ARDKYRDGDRLDYYYY
MDL",kappa,14,3-11,J3,QLRSNWPPLFT,1,3.88E-09,,,yes
SFV015 2A06,G,21,1-02,4-17,J3,ARDFDYGDYRGSAFDI,kappa,12,1-33,J3,QQLNT,14,1.03E-09,yes,yes,yes
SFV015 2F01,G,14,1-18,3-16,J6,"AREGYDHLWGTYRFEAID
YYYTDV",kappa,15,3-NL2,J1,HQYGSSTGT,1,4.21E-09,yes,yes,yes
SFV015 2F06,G,27,3-23,5-24,J4,"AREEFTDTEMTINQGDFA
Y",kappa,13,1D-39,J3,QRSFITPFT,5,1.49E-10,yes,yes,yes
SFV015 3G04,G,23,3-07,1-26,J6,"ARVSSEEWATVDDPHDY
YYMDV",kappa,13,1D-39,J4,QQNYNILFT,26,6.54E-10,yes,yes,yes
SFV018 2D01,?,14,5-a,3-09,J6,TRDSFYDVDLSSFYMDV,kappa,6,3-20,J2,QQYGSSRHT,3,5.48E-10,yes,yes,yes
SFV018 4C01,G,23,1-18,6-13,J6,ARIEGAANYYYMDV,kappa,17,1D-39,J4,QQSYSTPVT,1,9.49E-09,yes,yes,yes
SFV018 4D01,G,21,4-59,3-16,J5,ARGGFPAELPPPLDP,lambda,18,3-1,J2,QTWDSSTVL,1,2.66E-09,yes,yes,yes
SFV018 4F02,G,15,3-11,4-17,J4,ARIADYGDHVPVFDY,kappa,19,1-39,J1,QQSYSIPWT,1,4.79E-10,yes,yes,yes
SFV019 1F03,?,18,4-59,undet,J6,"ARGVSALVSVDYYYYYM
DV",lambda,13,3-21,J1,QVWDRNNDPL,11,9.36E-09,yes,yes,yes
SFV019 2A02,G,20,1-18,4-17,J3,ARRGDYGDYRGDAFDI,kappa,7,1-33,J3,QQVFT,2,6.90E-10,yes,yes,yes
SFV019 2A06,G,27,3-74,4-17,J3,VRDNDYGDYRGNAFDI,kappa,19,1-33,J4,EQLHT,8,2.28E-09,yes,yes,yes
SFV019 2F05,G,14,3-21,5-24,J3,"ARDRVRDGDNYWDSVD
ATYWGYGAFDI",kappa,6,4-1,J1,QQHFTTPQT,19,2.96E-08,yes,yes,yes
SFV019 4A01,G,23,4-39,3-10,J3,ARLFGELVGYQAFDV,lambda,5,1-44,J1,AAWDDSLNGYV,4,1.36E-08,yes,yes,yes
SFV019 4C02,G,13,4-39,3-10,J6,ARRWFGELDYYGSDV,lambda,19,4-69,J2,QTWGTDQV,1,3.98E-09,yes,yes,yes
SFV019 4E01,G,53,4-59,4-17,J6,"VRADGDSEGFGYHYGMD
V",kappa,11,1-17,J1,LQHNDYPLT,1,1.25E-10,yes,yes,yes
SFV019 4E03,G,16,1-69,3-10,J3,ARAARLYQQAYDI,kappa,6,1-13,J3,QQFHSYPLFT,1,2.08E-09,yes,,yes
SFV020 2C05,G,9,4-39,3-10,J5,ARHRVGTGPEVGDWFDP,kappa,2,3-15,J2,QQYNSWPPMYT,1,2.26E-10,yes,yes,yes
SFV020 3G06,G,29,3-11,3-22,J3,"ARASAYYYDSSGRAAAF
DI",kappa,5,2-28,J3,MQVLQTPLFT,1,5.39E-09,yes,,
SFV020 5A03,G,9,3-09,3-10,J4,YGSGAYQAH,kappa,4,3-11,J5,QQRSNWPPVT,1,3.87E-08,yes,yes,yes
SFV020 5B04,A,24,3-23,7-27,J3,AKEWGWQVSPYGVFDV,lambda,21,1-44,J1,AAWDDSQMGV,2,1.23E-09,yes,yes,yes
SFV020 5C05,A,19,3-30,2-02,J6,"ATLGGDIVVVSAERSGYY
YGLDV",kappa,18,1-5,J1,QQYNTNSRT,4,1.64E-09,yes,yes,yes
051-10 2A05,A,10,3-07,4-17,J6,"VRVGAYGDTYHDYYGM
DV",lambda,14,3-21,J2,"QVWDSSSERHV
V",2,3.56E-10,yes,yes,yes
051-10 2B05,A,24,3-21,undet,J6,ARDGGVPRRYSLDV,lambda,9,2-14,J2,SSYTNTRTLL,1,3.93E-10,yes,,yes
051-10 3D02,G,15,3-09,3-10,J5,TKSYGSGSYSDS,kappa,9,3-15,J4,QQYNNWPS,1,**,yes,,
051-10 4G03,G,13,3-49,1-26,J6,TRDLVGATTFFLYGMDV,kappa,7,1-12,J4,QQANSFPLT,1,1.01E-08,,,yes
024-10 3D06,G,20,3-30,5-05,J6,ASLSDSSYSYGAAGLDV,lambda,11,2-14,J2,TSYSSDATIL,1,1.22E-09,yes,,yes
024-10 4C04,G,10,5-51,4-04,J6,"VRHSDAHSTNPDPPFYFR
FAMDV",lambda,13,1-40,J3,"QSYDNSLSLSHY
WV",2,6.22E-10,yes,yes,yes
024-10 4C05,G,26,4-39,2-15,J4,"ARHRGYCSGGGCFGEVY
FDS",kappa,14,1D-39,J4,QQSYTTIV,1,**,yes,,
024-10 4D03,A,21,1-69,2-08,J6,"TKPEVTYGGYCTGASCPP
YFYYGMDV",lambda,13,1-47,J1,AAWDDTLSGYV,1,4.23E-09,yes,yes,yes
024-10 4G04,G,17,1-18,2-15,J5,"ARVSFEDCIDTSCYFWFD
P",lambda,11,3-1,J2,QAWDSSTVV,1,**,yes,,
019-10 1B03,G,16,4-39,4-17,J3,ARHRSFDYLEAFDV,lambda,10,1-40,J2,QSYDSSLRGLV,1,1.63E-10,,,
019-10 1C04,G,10,4-30-2,undet,J5,ATYNTNRGYFDP,kappa,11,1-33,J3,QQAFT,1,2.92E-10,yes,yes,yes
019-10 1E06,G,14,4-b,2-21,J3,ASYITATMFDAFDI,lambda,13,2-14,J2,SSYTDSYTLV,1,1.39E-09,yes,yes,yes
019-10 1F05,G,26,3-48,undet,J6,VGDDVDVEGYYGLNV,kappa,16,1-5,J3,QHYNRYIFT,2,3.36E-10,yes,yes,yes
019-10 3E05,G,46,3-66,6-19,J5,AKDRGSGTYENWFNP,kappa,11,1-39,J1,QQSYSSPWT,1,1.42E-09,yes,yes,yes
019-10 3F02,G,8,1-02,1-26,J4,ARILRTTSALDY,lambda,10,2-11,J3,YSYAGSSNHWV,1,5.21E-07,yes,,
019-10 4A03,G,29,3-15,4-17,J4,TTDYGDYLNGGR,kappa,13,2-28,J2,MQALQTPYT,1,2.39E-09,yes,yes,yes
017-10 3G05,G,21,1-46,3-22,J4,ARSPGDKMIVFPLDS,kappa,12,4-1,J1,QQYFSIPWT,1,6.64E-10,yes,,yes
017-10 4D02,G,22,3-15,3-16,J4,"TTDLDVVSWWEPPQGEN
Y",kappa,2,1-27,J2,QKYNSAPLT,1,9.27E-10,yes,yes,yes
017-10 4E03,G,21,3-30,2-15,J6,"AKERSLGGVWSSGWSNY
YYYGMDV",kappa,4,1-33,J4,QRYENLPPSLA,3,2.63E-07,yes,yes,yes
017-10 5A01,G,14,3-11,2-21,J5,VRGGPSDFAVLWS,kappa,6,1-33,J4,QQYVA,1,2.38E-10,yes,yes,yes
017-10 5E01,?,43,4-31,undet,J4,AREYQEQIGRAFDF,kappa,17,1D-39,J2,QPTFTPSYT,1,3.51E-09,yes,,
013-10 2B02,G,11,3-21,4-04,J4,ARETRGGLVTKCFDS,lambda,9,2-14,J1,SSYTSSTTSLYV,1,3.69E-09,yes,,
013-10 2B05,?,12,4-61,6-13,J4,SWGAAMDAFDS,lambda,8,2-14,J2,SSYTYPSAHVL,1,5.02E-10,yes,yes,yes
013-10 2D04,?,24,4-31,3-16,J4,ARDGGFCSNGVCPAFEY,kappa,12,3-15,J1,QQYDNWPPWT,1,4.52E-09,yes,,yes
013-10 2G01,G,9,3-49,4-17,J4,TRAEYGDYVGYFDY,lambda,3,3-9,J2,HVWDRSTVV,1,2.56E-10,yes,yes,yes
013-10 3D01,G,12,3-30,3-10,J4,AKSPDYF,lambda,6,3-10,J3,YSTDSSGNHWV,1,**,yes,,yes
013-10 3F02,A,16,3-30,undet,J6,"AKEGRPLIVSGTHFFQFYY
GMDV",kappa,18,1D-39,J5,QQSFSPPLT,1,1.70E-08,yes,,
013-10 3G02,G,5,3-30-3,2-02,J4,ARDYQVVPSYWGYLDF,kappa,2,3-11,J4,QQRYNWPPLT,1,7.88E-09,yes,,yes
013-10 4A03,M,8,3-07,3-03,J4,TRAMGWN,lambda,7,1-44,J3,AAWDDSLSGWV,2,1.54E-08,,,yes
013-10 4B06,G,18,3-23,undet,J4,AKDQSTKVVFSGSNDH,kappa,5,3-15,J2,QQYYNWPPLT,1,2.76E-09,yes,,yes
013-10 4C01,G,15,3-30-3,2-02,J6,"ARDDVVDPDAIFRVNSYY
RMDV",kappa,14,1-16,J5,QQYKSYPIT,1,7.67E-09,yes,,
039-10 4B04,G,15,1-69,3-09,J4,AKMALTGYFDY,kappa,15,1,J2,QQYYTTPHVT,1,4.91E-10,,,
039-10 4B05,G,27,1-03,6-06,J5,ARGNIANWFDP,kappa,16,1,J2,QQYQSTPYT,1,1.04E-09,,,
039-10 4D04,G,28,3-30,3-10,J6,"ARDPVEYSSVSYYFLYGM
DV",lambda,8,1-40,J2,QSYDNSLLLSVV,1,2.02E-10,,,
039-10 4D05,G,32,3-30,2-21,J6,ARDGFYQVVIENYMDV,kappa,18,3-20,J5,QQYGSALT,1,1.23E-08,yes,,yes
039-10 4G01,G,22,1-46,undet,J6,"ARDGREVPATTRKDYYY
YYYMDI",kappa,5,4-1,J4,QQYYTTPPT,1,4.69E-10,,,
039-10 5A01,G,17,3-21,4-17,J4,ARALTTMTTTDS,kappa,10,1-33,J1,QQVWA,1,1.75E-10,yes,yes,yes
039-10 5B02,G,15,4-61,undet,J4,ARVGPHPTQGVSYFDH,kappa,7,3-11,J3,QLRSNWPLFFT,1,4.93E-08,,,
039-10 5C05,G,18,3-30,5-24,J4,ARPRGGGYNYFRADSFDS,kappa,14,1D-39,J4,QQSYSMPLT,1,4.57E-10,,,
039-10 5E03,G,17,3-23,1-26,J3,AKGSLRDVFDI,kappa,7,3-11,J4,QQRSSWPLT,1,1.83E-08,yes,yes,yes
039-10 5F06,G,16,1-69,5-05,J4,AGESGYSNGYEAH,kappa,10,3-15,J2,QQYNHWLGT,1,2.24E-09,yes,,yes
039-10 5G02,G,22,1-69,2-02,J4,ATGEYQLRSPLDI,kappa,17,1D-39,J4,QQSYSSPLT,1,1.59E-09,yes,,yes
039-10 5G05,G,19,1-69,3-10,J4,ARGGGYHYSGSESYLTN,kappa,7,3-20,J4,QQYGTSPLT,1,6.52E-09,yes,,yes
009-10 1G06,G,22,3-53,undet,J4,ARDPGMRGYFDH,lambda,5,1-40,J1,QSYDSGVSGYV,2,1.39E-09,yes,,
009-10 2A04,G,16,4-59,3-10,J6,"ARAQLGGESPYYYYHMD
V",lambda,17,3-1,J2,QAWDTNTVV,1,6.02E-09,yes,yes,yes
009-10 2D04,G,11,3-30,3-09,J4,VKEEGGGFLTGPPDY,lambda,1,2-14,J2,SSYTTSSTLV,1,1.48E-08,yes,,
009-10 2F01,G,12,3-11,3-22,J6,"ARVEYAEESNFDGSGSSM
DV",kappa,5,2-28,J1,MQALQTSWT,2,2.72E-09,yes,,
009-10 2G06,G,36,3-09,undet,J6,AKDRAGYFYAMAV,lambda,26,3-21,J2,"QVWDGSGDNRG
I",1,1.17E-09,,,yes
042-10 2B05,?,25,3-30,5-12,J4,AKDGEYSGHESEVH,kappa,8,1-5,J1,QQYQSYSWT,1,**,yes,,
042-10 2C02,G,23,3-49,5-05,J4,TRERMIDTGVGGH,kappa,12,2-28,J3,LQGLQTPFT,1,1.84E-08,,,
042-10 2D01,G,27,4-04,1-26,J3,VRDWWEVQYGNAFDM,kappa,15,1-39,J1,QQSHSIPWT,3,2.52E-09,yes,,
042-10 2D02,G,26,3-21,2-21,J6,"ARGSEYQDVDLEAYYYY
YMDV",lambda,5,1-40,J2,QSYDSSLSAVV,2,1.51E-10,yes,yes,yes
042-10 2E01,G,5,3-09,3-22,J4,"TKDHYFDTSAYYYVGAY
YFDY",kappa,5,1,J1,QQYYSTPPT,1,1.00E-09,yes,yes,yes
042-10 4B01,G,18,3-23,3-03,J6,"SKGDDFWSGYSPSYSYY
MDV",lambda,15,1-51,J2,GTWDTSLSGVI,8,5.71E-10,yes,yes,yes
042-10 4B02,G,44,3-66,6-06,J3,ARDEYTTSSVGLDI,lambda,17,1-44,J1,"AAWDDTLNGDN
YV",2,2.76E-10,yes,yes,yes
042-10 4B04,G,11,4-39,2-02,J4,ARRIIVVIQGARNSGYFDS,lambda,9,1-47,J2,SVWDDSLSGQEV,1,6.47E-10,yes,yes,yes
042-10 4C01,G,19,3-30,2-08,J6,ARDFTGYFGMDV,lambda,21,1-44,J1,"GAWDDSRNGFY
V",1,4.96E-09,,,yes
042-10 4C06,G,33,3-15,3-03,J4,ATIGIDYNSRSGYFSFDY,kappa,14,3-11,J2,QQRANWAPFT,1,3.77E-08,yes,,
042-10 4D02,G,21,1-69,4-23,J4,AMRLPGYGVDY,kappa,11,4-1,J1,QQYLRSPTWT,1,**,yes,,
014-10 1B04,G,14,4-39,undet,J3,ATGPNFEAFDL,lambda,2,2-11,J2,CSYVGSNTFYVI,1,1.12E-09,yes,yes,yes
014-10 1C04,G,11,3-23,4-17,J3,"AKDNVSPVWYTVTTSGR
DDAFDI",lambda,7,1-51,J3,"GTWDSSLSAGW
V",1,1.51E-09,yes,yes,yes
014-10 1D01,G,20,4-61,5-12,J3,ARDYSGYDYLAFDI,lambda,12,1-44,J3,"AAWDDSLSGLW
V",1,2.91E-10,yes,yes,yes
014-10 1D03,G,13,4-31,2-02,J3,"ARGGYCSSPSCPNPTGAF
DV",lambda,8,1-40,J1,QSYDSSLNDYV,1,1.87E-10,yes,,yes
014-10 1D05,G,17,1-02,3-10,J3,ARAFYYGSGSRLIAFDI,lambda,7,3-1,J1,QAWDSSHHFV,1,1.61E-07,yes,,
014-10 1F06,G,8,3-09,6-19,J4,AKGFSSGWGPSHYFDY,kappa,6,1-13,J4,LQFNAYPLT,1,4.83E-10,yes,,yes
014-10 1G01,G,8,4-61,3-16,J3,ARSVWQNSDASDI,lambda,2,2-14,J2,SSYTTSNSVL,1,1.43E-09,yes,yes,yes
014-10 1G03,?,12,4-31,2-02,J3,"ARGGYCSRPSCPNPTGAF
DI",lambda,10,1-40,J1,QSYDSSLNDYV,1,2.87E-10,yes,,
014-10 1G06,G,15,3-30,undet,J3,AREASFAFFDI,kappa,4,3-15,J4,QQYHNWPPLT,1,7.97E-08,yes,,
014-10 3A02,G,12,1-02,4-17,J4,ARDDYPDYEVY,kappa,6,3-11,J1,QQRGNWLWT,1,9.34E-10,yes,yes,yes
014-10 3A06,G,25,4-59,3-22,J3,AFDSRVGYLDAFDL,lambda,11,1-44,J1,"ATWDDSLNGFY
V",1,1.45E-09,yes,yes,yes
014-10 3B06,G,23,1-02,3-10,J4,ARIFRFSSGLDY,lambda,6,2-23,J3,YSYATSSTWV,1,3.13E-08,yes,,yes
014-10 3C04,G,27,3-33,3-10,J4,ARGYGSGKSHYYFDY,kappa,7,3-20,J3,QQYDTSLT,1,2.78E-10,,,
014-10 3C05,G,20,4-59,5-12,J4,ARESSGYTQKNAYDY,kappa,7,1-39,J1,QQNYHPPPT,1,7.76E-09,yes,,
014-10 3F03,G,14,3-30,3-10,J6,AKDSYNGNREGGMDV,lambda,9,2-11,J3,FSYAGRYTWV,1,6.23E-09,yes,,
014-10 3G02,G,16,4-31,3-09,J4,ARGVDYDILTRFSFGFDF,lambda,8,1-40,J3,QSYDSSLSGSV,1,4.73E-10,yes,,yes
014-10 3G04,G,9,1-02,4-17,J4,ARDGDWDINFDY,kappa,8,3-11,J4,QQRSKWPS,1,2.19E-10,yes,yes,yes
014-10 3G05,G,10,3-74,6-19,J3,TRGSGWSYNAFDI,lambda,8,1-40,J3,SYDSSLSGSV,1,5.44E-10,yes,yes,yes
008-10 1C03,G,9,3-07,2-08,J4,ARDYWRSGEY,kappa,2,3-11,J2,QQGNKWPRT,1,3.57E-07,,,yes
008-10 1E03,G,45,3-23,3-09,J5,AKDQSKYIASYSHDYLDS,kappa,27,1D-39,J2,QQTDISPYT,1,2.98E-09,yes,yes,yes
008-10 1E04,G,27,4-04,6-19,J4,ARCQWIDVDLSDYYFEY,kappa,18,1-39,J1,QQSFRNLET,1,1.89E-10,yes,yes,yes
008-10 1F01,G,30,3-15,3-03,J4,"TNDFLESLILGSSPPRETG
CFTD",kappa,23,1-39,J1,QQSYSSPRWT,1,3.07E-08,yes,yes,yes
008-10 1F05,G,20,3-30,2-02,J6,"AKTPQDIVPIPGPPTSYFY
YYEGMDV",kappa,13,1-17,J1,LQQNTYPLT,1,6.04E-08,yes,yes,yes
008-10 5E02,G,32,3-15,3-03,J5,"TTDFLESLLLGSGPPRETG
HFDT",kappa,15,1-39,J1,QQSYSTPSWT,1,4.38E-09,yes,,
008-10 5E03,G,26,4-04,6-19,J4,ARSQWLDVDLSDFYFDF,kappa,13,1-39,J1,QQTFRSLET,1,6.46E-11,yes,yes,yes
008-10 5E05,G,24,4-39,undet,J5,ARPPREGPAFDP,lambda,10,1-47,J2,"AAWDDSLSGRD
VV",1,3.47E-10,yes,yes,yes
008-10 5G04,G,13,4-39,4-23,J4,ARLVLIPVVGERNIRYFDY,lambda,10,1-44,J3,"AAWDDSLTGNW
V",2,5.26E-10,yes,yes,yes
008-10 5G05,G,29,3-23,3-16,J4,AKDRTDYIGSYVHDYFDY,kappa,21,1D-39,J2,QQTDTVPYT,2,3.75E-08,yes,yes,yes
008-10 6C04,G,5,3-23,3-22,J4,TKVGGGTWYASSGYPDY,lambda,,1-47,J2,,1,1.13E-08,,,
008-10 6D04,G,8,3-23,3-22,J4,"ALNYYDSSGYYRGEFLGD
Y",lambda,5,1-47,J2,AAWDDSLSVVV,1,1.30E-09,yes,yes,yes
008-10 6G06,G,5,5-51,6-13,J5,"GRLHLITGYSSNWYGWF
DP",lambda,10,1-40,J2,QSYDSSLSGPV,1,2.57E-08,yes,,yes
007-11 4A04,A,11,3-23,2-08,J4,ANEENRSQYNGGY,lambda,9,7-46,J3,LFFYSGPWV,9,1.37E-09,yes,yes,yes
007-11 4B04,G,24,3-09,3-10,J4,AKDKATEGSGSYYLDY,kappa,8,1-9,J5,QHLYSSSPVT,1,1.39E-10,yes,yes,yes
007-11 4B06,G,13,3-33,2-02,J4,ARDYAYSSSCGY,lambda,10,1-47,J1,AAWDDSLSANV,1,9.99E-10,yes,yes,yes
007-11 4E01,G,15,3-15,undet,J6,ATDPISPEDV,kappa,9,3-20,J2,QHYGISPRYT,1,1.13E-06,yes,yes,yes
007-11 4E05,G,15,5-51,4-04,J3,ARLSAGDPTDHDALDI,lambda,9,1-40,J3,HSYDSSLSGSM,1,3.22E-10,yes,yes,yes
007-11 4F02,G,17,3-23,7-27,J3,"AKVSPGMVDDPHLGGAF
HI",lambda,16,3-21,J2,QVWDSGSHQVV,1,1.75E-10,yes,yes,yes
007-11 4F06,G,19,3-30,6-06,J4,GNSPENSAEEYYFDY,kappa,3,1-17,J1,LQHNSYPRT,1,1.40E-10,yes,yes,yes
007-11 4G01,G,11,4-04,2-21,J5,"AADTAVYFCARTDPEYD
GRDAWAGHDS",lambda,15,1-40,J1,QSYDSGLSGSV,1,1.79E-10,yes,yes,yes
Additional HA Stalk-specific mAbs included in Figure 6 only,,,,,,,,,,,,,,,,
SFV005 2G02,G,10,1-18,3-09,J4,ARDRRDLLTGSLGDY,kappa,12,3-20,J2,QGTYWPFT,1,1.89E-09,yes,,yes
"030M-10
1B03",G,21,1-69,indet,J4,ARAIHYYDNTYYPY,kappa,5,3-20,J2,QQYGSSPYA,1,2.58E-09,yes,,yes
030M-10 1F03,G,8,1-69,3-22,J4,WCRPYYFDVSGNY,kappa,1,3-11,J1,QQRSNWPPWT,1,4.98E-09,yes,,yes
"047M-09
2D06",G,6,3-15,3-09,J4,"TTDGKLRYFDWLLYAFD
Y",kappa,3,3-15,J3,QQYNNWPPA,1,8.94E-09,yes,,yes
018-10 4D03,G,14,1-69,3-10,J5,ARDGSGSYLPLNWLDP,kappa,3,3-20,J3,QYGSSPFT,1,3.07E-09,yes,,yes
018-10 4D06,A,25,1-69,5-05,J4,ARHHGYTYGPRSGYFDY,kappa,6,1-33,J4,QQYDNLPLT,1,2.16E-09,yes,,yes
"030-09M
1D06",G,16,1-69,2-15,J4,"ARALARCGGGSCYLDFD
C",lambda,13,4-69,J3,QTWGTGIWV,1,8.41E-09,yes,,yes
"047-10M
2D03",G,12,1-69,3-10,J5,"ARSYYYGSGTYYNILENC
FDT",kappa,8,1-39,J3,QQSYSTPRIT,1,1.78E-08,yes,,yes
"051-09M
1E02",G,6,3-23,6-19,J4,AKDVLGIAVPGGGLLDY,kappa,8,3-20,J1,QQYGGSART,1,1.96E-08,yes,,yes
